Year,Country,BLUE_deforestation,H&C2023_deforestation,OSCAR_deforestation,BLUE_forest-regrowth,H&C2023_forest-regrowth,OSCAR_forest-regrowth,BLUE_wood-harvest,H&C2023_wood-harvest,OSCAR_wood-harvest,FAO_GFED4_peat,LPX-Bern_GFED4_peat,ORCHIDEE-PEAT-full_GFED4_peat,Mean_deforestation,Mean_forest-regrowth,Mean_wood-harvest,Mean_GFED4_peat,Per-capita_Per-capita territorial,Per-capita_Per-capita consumption
1950,BRA,153.14189,77.75951,131.18415,-4.77727,-23.25804,-7.48932,23.83263,0.25875,6.43332,0.09269,8.4062,4.40072,120.69518333333332,-11.841543333333334,10.1749,4.299869999999999,0.0994427108779747,
1951,BRA,173.32523,84.97891,147.70582,-4.18822,-23.25354,-7.46813,24.87311,0.27977,6.67658,0.09269,6.59767,3.49227,135.33665333333332,-11.636630000000002,10.60982,3.39421,0.106337141006173,
1952,BRA,184.56748,93.38389,156.37982,-3.75249,-23.24882,-7.55184,25.87436,0.30103,6.85331,0.09269,7.66029,4.01396,144.77706333333333,-11.517716666666663,11.009566666666666,3.922313333333333,0.118799222386677,
1953,BRA,191.95382,102.37819,163.94445,-3.36497,-23.2439,-7.60212,26.86335,0.32239,7.08665,0.09269,9.02692,4.67686,152.75882,-11.403663333333334,11.42413,4.598823333333333,0.116606229974452,
1954,BRA,199.18151,111.14515,171.6334,-3.1514,-23.23875,-7.60214,27.84403,0.34386,7.37736,0.09269,9.74945,5.03772,160.65335333333334,-11.330763333333332,11.855083333333331,4.959953333333333,0.133150809689956,
1955,BRA,204.21084,120.98935,180.53099,-2.91708,-23.2334,-7.61159,28.81955,0.36555,7.71978,0.09269,9.71702,5.06669,168.57706,-11.25402333333333,12.301626666666666,4.9588,0.148098725363361,
1956,BRA,208.62158,133.2428,189.12013,-2.72505,-23.22782,-7.61772,29.79339,0.38759,8.08273,0.09269,10.5336,5.41791,176.99483666666666,-11.190196666666669,12.75457,5.348066666666667,0.154558100548337,
1957,BRA,215.07299,144.22225,197.93718,-2.61077,-23.22202,-7.67575,30.77608,0.41014,8.26015,0.09269,10.77191,5.48357,185.74414,-11.169513333333333,13.14879,5.44939,0.147286554024302,
1958,BRA,221.42917,165.36531,208.34988,-2.43824,-23.21599,-7.76388,31.77189,0.43334,8.39256,0.09269,10.18112,5.27996,198.38145333333333,-11.13937,13.532596666666668,5.18459,0.155069173409353,
1959,BRA,228.99375,170.39422,219.01228,-2.267,-23.20974,-7.76584,32.78956,0.45736,8.75243,0.09269,10.00979,5.29332,206.13341666666668,-11.08086,13.999783333333337,5.1319333333333335,0.150234809031455,
1960,BRA,242.45837,198.28662,233.7583,-2.44999,-23.20331,-7.77584,33.79567,0.48239,9.15672,0.09269,11.21074,5.65147,224.83443,-11.143046666666663,14.47826,5.651633333333333,0.174943617364623,
1961,BRA,252.4303,218.50782,248.67277,-2.49677,-23.19675,-7.8406,35.84746,0.50863,9.6737,0.09269,11.7033,6.01871,239.8702966666667,-11.17804,15.343263333333333,5.938233333333333,0.178023253491936,
1962,BRA,260.14518,232.78054,260.79898,-2.50269,-23.19005,-7.87772,37.11798,0.57721,10.34212,0.09269,11.49876,5.88517,251.24156666666667,-11.190153333333331,16.01243666666667,5.82554,0.188564226369293,
1963,BRA,266.32588,242.15082,271.32238,-2.52859,-23.18322,-7.97537,37.52587,0.66184,10.21063,0.09269,11.38654,5.839,259.93302666666665,-11.22906,16.13278,5.772743333333334,0.189621007506321,
1964,BRA,268.39108,255.24913,277.88162,-2.57768,-23.17629,-8.04257,37.74673,0.54847,10.16807,0.09269,11.38561,5.9613,267.17394333333334,-11.265513333333333,16.154423333333334,5.813199999999999,0.187870842935524,
1965,BRA,270.69152,240.43624,275.28239,-2.69384,-23.16919,-8.12115,37.96753,0.45915,10.02771,0.09269,11.15999,5.66687,262.1367166666667,-11.32806,16.151463333333332,5.63985,0.181509926154625,
1966,BRA,271.14813,232.68826,268.36904,-2.80968,-23.16196,-8.18185,38.35576,0.42013,10.08941,0.09269,11.14962,5.64754,257.40181,-11.384496666666667,16.288433333333334,5.62995,0.201330443847914,
1967,BRA,271.99723,228.07039,260.29543,-2.92956,-23.15459,-8.23614,38.81349,0.47215,10.29013,0.09269,10.67758,5.41305,253.45435,-11.440096666666667,16.525256666666667,5.39444,0.201761338255745,
1968,BRA,273.08383,224.66089,252.3283,-3.06333,-23.14709,-8.24997,39.28251,0.57167,10.62282,0.09269,12.12897,6.13665,250.02434,-11.486796666666663,16.825666666666667,6.119436666666666,0.229943629904422,
1969,BRA,274.754,219.7805,247.92579,-3.15157,-23.13946,-8.46735,39.76687,0.68056,10.46252,0.09269,12.51029,6.25993,247.48676333333333,-11.586126666666669,16.96998333333333,6.287636666666667,0.244146840980454,
1970,BRA,276.95394,216.94223,241.05867,-3.24085,-23.13169,-8.54514,40.39031,0.79116,10.76451,0.09269,16.06222,8.45412,244.98494666666667,-11.639226666666667,17.315326666666667,8.20301,0.264764659292479,
1971,BRA,278.35564,213.98662,233.74236,-3.29033,-23.12379,-8.57484,40.82749,0.94779,11.1286,0.09269,12.97734,6.49562,242.02820666666665,-11.662986666666669,17.634626666666666,6.521883333333332,0.282793033213283,
1972,BRA,280.97047,210.69178,230.94482,-3.33345,-23.11575,-8.77072,40.84267,0.99305,10.7968,0.09269,10.83232,5.49372,240.86902333333333,-11.739973333333332,17.54417333333333,5.472909999999999,0.307513805725361,
1973,BRA,284.98657,207.23843,229.49445,-3.36477,-23.10758,-8.94291,40.84909,0.91552,10.46466,0.09269,8.4058,4.28481,240.57315,-11.805086666666666,17.409756666666667,4.2611,0.347678826326408,
1974,BRA,289.15458,198.02731,225.57611,-3.34361,-23.09927,-8.90631,40.93673,0.80335,10.71528,0.09269,10.47962,5.28157,237.586,-11.783063333333333,17.48512,5.284626666666667,0.367652201199399,
1975,BRA,295.1541,205.58294,224.98858,-3.34173,-23.09084,-9.02686,42.09935,0.82852,11.15815,0.09269,9.58407,4.84555,241.90854,-11.81981,18.028673333333334,4.84077,0.377440693419431,
1976,BRA,300.29037,201.79299,224.4881,-3.28088,-23.08226,-9.10933,43.23177,1.25924,11.98932,0.09269,11.01192,5.59236,242.19048666666663,-11.824156666666669,18.826776666666664,5.5656566666666665,0.37916753942845,
1977,BRA,305.93865,191.4925,228.02877,-3.24074,-23.07356,-9.36635,44.58965,1.62618,12.39287,0.09269,10.67362,5.37366,241.8199733333333,-11.89355,19.53623333333333,5.379989999999999,0.388916856748169,
1978,BRA,313.23783,178.52212,229.80658,-3.22236,-23.06472,-9.46461,46.94487,2.08723,13.65053,0.09269,11.76346,5.85052,240.5221766666667,-11.917230000000002,20.89421,5.902223333333333,0.414349614933255,
1979,BRA,318.76017,166.27502,232.77098,-3.16228,-23.05574,-9.60986,50.09265,2.77932,15.35669,0.09269,11.36389,5.66744,239.26872333333336,-11.942626666666667,22.742886666666664,5.708006666666666,0.429075855702511,
1980,BRA,330.63973,155.61917,238.72111,-2.98266,-23.0466,-9.81911,53.34079,3.70202,17.07218,0.09269,6.44984,3.40147,241.6600033333333,-11.949456666666668,24.704996666666663,3.314666666666667,0.415544274203772,
1981,BRA,337.46831,145.87803,243.90408,-2.83989,-23.03726,-9.89328,55.20153,4.64378,18.19877,0.09269,7.78626,4.07047,242.41680666666664,-11.923476666666668,26.01469333333333,3.98314,0.373568541488038,
1982,BRA,344.01791,137.43508,252.41607,-2.79333,-23.02772,-10.102,56.73096,5.12266,18.43573,0.09269,10.00733,5.13142,244.62302,-11.97435,26.763116666666672,5.077146666666667,0.365491356140545,
1983,BRA,345.55705,131.07948,260.71353,-2.79613,-23.01796,-10.29186,58.04748,5.25262,18.66064,0.09269,11.55933,5.85632,245.7833533333333,-12.035316666666668,27.320246666666662,5.836113333333333,0.345695822455111,
1984,BRA,343.99193,132.16328,268.77997,-2.88201,-23.00799,-10.4156,59.06993,5.39288,19.08115,0.09269,12.97857,6.59907,248.31172666666663,-12.101866666666666,27.847986666666667,6.556776666666667,0.341578115838635,
1985,BRA,223.30466,120.58983,240.10347,-7.32263,-22.99781,-10.46225,59.86121,5.31446,19.45288,0.09269,4.31516,2.3583,194.66598666666667,-13.59423,28.209516666666666,2.255383333333333,0.359377951579947,
1986,BRA,286.79312,103.80411,239.73345,-7.82916,-22.82247,-10.85104,60.77362,5.60713,19.66069,0.09269,6.48277,3.34267,210.11022666666668,-13.834223333333332,28.680480000000003,3.3060433333333337,0.385492320582457,
1987,BRA,308.21893,99.87858,284.97802,-8.65899,-23.46178,-11.71709,61.64776,6.21912,19.47505,0.09269,8.06386,4.13164,231.02517666666668,-14.61262,29.113976666666662,4.096063333333333,0.394576823873382,
1988,BRA,293.60312,85.17588,298.98207,-9.82086,-24.72066,-12.50289,62.28959,7.03084,19.77106,0.09269,8.30762,4.20697,225.92035666666663,-15.68147,29.69716333333333,4.202426666666667,0.390250196237264,
1989,BRA,275.94879,94.57036,303.53448,-11.03052,-25.49247,-13.27257,63.64048,7.62165,20.51543,0.09269,9.14281,4.62381,224.6845433333333,-16.59852,30.59252,4.61977,0.391069749411297,
1990,BRA,307.07603,118.35582,335.1331,-12.49637,-26.94065,-14.21644,63.54354,8.8464,20.3282,0.09269,5.45108,2.91529,253.52165,-17.884486666666668,30.906046666666665,2.819686666666667,0.395984401003822,0.444498667045764
1991,BRA,341.88202,147.40724,371.19394,-13.76529,-28.99601,-15.3746,64.18643,9.47499,19.96526,0.09269,8.20056,4.2114,286.82773333333336,-19.378633333333333,31.208893333333336,4.168216666666666,0.408301710340889,0.448426107440984
1992,BRA,367.87246,178.94726,387.5906,-14.88258,-31.58441,-16.62058,65.24039,10.18372,20.21706,0.09269,5.99445,3.22567,311.47010666666665,-21.02919,31.88039,3.10427,0.408950663053395,0.444429745482402
1993,BRA,335.48424,241.21801,415.06754,-15.66633,-34.66466,-18.0622,66.11356,11.063,20.3242,0.09899,3.38315,1.87983,330.58993000000004,-22.79773,32.50025333333334,1.7873233333333334,0.420834596796596,0.452154832388932
1994,BRA,447.66294,274.22504,468.72702,-19.2627,-39.12012,-19.65446,67.42636,11.88359,20.34318,0.09899,2.99491,1.71963,396.8716666666666,-26.012426666666663,33.217710000000004,1.60451,0.43063415764076,0.467697528222223
1995,BRA,438.46945,292.4468,502.95921,-20.88461,-43.52227,-21.84032,68.69523,12.83431,20.3101,0.09981,5.562,3.11885,411.29182,-28.749066666666664,33.94654666666667,2.926886666666667,0.448454278681542,0.498623810618252
1996,BRA,399.41744,303.5842,501.77591,-22.26832,-48.06795,-24.17606,69.34752,13.74782,20.27988,0.10051,9.88772,5.22162,401.59251666666665,-31.50411,34.45840666666667,5.06995,0.475558867878908,0.529267432583861
1997,BRA,441.36369,311.76668,512.29042,-23.72856,-52.55433,-26.86207,70.15266,14.75767,19.6231,0.10129,11.36539,5.9272,421.80693,-34.38165333333334,34.84447666666667,5.79796,0.497039021907518,0.554667183125704
1998,BRA,503.59654,316.94419,545.05897,-27.12863,-56.92139,-29.85728,71.03705,15.62841,18.7716,0.10373,17.28888,8.90394,455.1999,-37.969100000000005,35.14568666666667,8.765516666666665,0.506405208452257,0.557556747990093
1999,BRA,506.79894,316.03348,567.15125,-28.71678,-60.01524,-32.88286,74.92384,16.49325,21.41826,0.10832,5.88784,3.14785,463.32789,-40.538293333333336,37.611783333333335,3.0480033333333334,0.514833757295557,0.52404231822261
2000,BRA,443.00374,315.42994,567.77461,-29.8811,-59.44935,-37.06384,77.86434,18.87379,25.11197,0.10755,7.27739,3.80047,442.06943,-42.13143,40.6167,3.72847,0.527905506520102,0.543563788035076
2001,BRA,429.2089,320.9151,566.56373,-30.73735,-57.12904,-41.9105,78.01367,20.87788,27.32743,0.10779,2.01736,1.30163,438.89591,-43.25896333333333,42.072993333333336,1.14226,0.530142095786174,0.525424273866141
2002,BRA,461.72889,326.91344,597.00169,-31.27831,-50.21538,-46.8422,79.09837,21.34874,29.73289,0.10837,6.79088,3.68032,461.88134,-42.77863,43.39333333333334,3.526523333333333,0.525907423356538,0.501474369444726
2003,BRA,703.14943,329.45352,676.8579,-40.78193,-44.9542,-50.76449,87.05147,22.6623,35.24664,0.1089,18.92218,9.93826,569.8202833333334,-45.50020666666666,48.32013666666666,9.656446666666666,0.515046114347558,0.484241009116469
2004,BRA,503.9131,332.95125,683.07331,-42.44959,-40.64152,-56.70984,86.14743,25.89966,38.36685,0.12762,7.41697,3.82988,506.6458866666667,-46.60031666666666,50.13798,3.79149,0.534016672038549,0.497012654478196
2005,BRA,423.28373,336.04967,623.31878,-44.7802,-38.94891,-64.0554,83.50874,26.15298,36.03972,0.12762,6.11301,3.21608,460.88406,-49.26150333333334,48.567146666666666,3.152236666666667,0.532375015718662,0.511393285877869
2006,BRA,352.21929,342.62293,599.81193,-47.58275,-42.19088,-70.22606,80.85556,23.15239,33.79267,0.12762,1.89007,1.1582,431.55138333333326,-53.33322999999999,45.93354,1.05863,0.533174642189455,0.51924450024742
2007,BRA,313.20849,350.33648,585.56795,-49.95335,-46.16856,-77.36289,80.05512,26.31055,32.62193,0.12762,2.17025,1.38166,416.3709733333333,-57.82826666666667,46.32919999999999,1.22651,0.558746934334782,0.56217006126242
2008,BRA,269.89732,360.75908,578.32161,-52.12074,-51.84979,-83.4508,77.18683,28.86578,31.74125,0.12762,2.68287,1.62632,402.9926699999999,-62.47377666666667,45.931286666666665,1.4789366666666666,0.584513350118254,0.627809187745698
2009,BRA,238.62828,353.53141,565.99019,-54.24966,-56.49958,-90.44119,74.26004,29.22327,30.29883,0.12762,3.57346,1.96236,386.04996,-67.06347666666666,44.59404666666666,1.887813333333333,0.546889678000165,0.58063469243255
2010,BRA,209.56825,325.59526,545.53267,-57.08862,-59.1371,-97.55818,73.42624,29.17156,30.4219,0.12762,-0.906,-0.20717,360.23206,-71.26129999999999,44.3399,-0.3285166666666667,0.611961376653842,0.673890166153339
2011,BRA,192.10461,291.01619,522.74398,-59.91636,-60.74687,-103.71956,75.75432,32.02289,34.33107,0.12762,3.8183,2.1829,335.28826,-74.79426333333333,47.36942666666666,2.04294,0.637030086116073,0.715018506211792
2012,BRA,206.57152,261.57685,506.90193,-61.55534,-58.08974,-111.49715,78.455,34.55467,38.4922,0.12762,6.73175,3.97664,325.0167666666667,-77.04741,50.50062333333333,3.6120033333333335,0.680082628554296,0.755267094662088
2013,BRA,230.76925,233.04973,502.77856,-62.52227,-57.48618,-119.22623,77.9949,36.71961,39.4865,0.12762,7.73636,4.02581,322.19918,-79.74489333333334,51.40033666666667,3.963263333333334,0.720351559877277,0.799772399021701
2014,BRA,252.50438,216.63609,502.45839,-63.58352,-58.76852,-127.65718,76.04332,35.85099,37.42868,0.12762,10.16674,5.26811,323.86628666666667,-83.33640666666666,49.77433,5.18749,0.748382083467454,0.821383882664662
2015,BRA,280.64257,208.30317,516.05931,-64.74493,-63.53018,-136.14186,72.13091,35.68658,31.62827,0.12762,15.12897,7.67703,335.00168333333335,-88.13898999999999,46.48192,7.64454,0.704105150938875,0.729088548011109
2016,BRA,273.5948,200.66642,526.44493,-65.17998,-75.96889,-143.46186,66.96113,32.6915,27.76578,0.12828,12.32311,6.27339,333.56871666666666,-94.87024333333332,42.47280333333333,6.241593333333333,0.650120365488459,0.643685529461576
2017,BRA,241.11161,195.2243,510.12753,-67.74915,-85.46727,-151.1097,71.7213,35.7271,27.28588,0.1324,6.64345,3.54188,315.4878133333333,-101.44204,44.91142666666666,3.439243333333333,0.650714628353299,0.652537940488351
2018,BRA,189.89394,193.22718,479.08327,-72.13933,-91.28896,-158.48667,81.56424,34.8487,26.97412,0.13354,2.60772,1.57588,287.40146333333337,-107.30498666666666,47.79568666666666,1.4390466666666668,0.620736797893531,0.621168101864808
2019,BRA,276.01718,197.75541,500.11279,-70.50311,-97.46261,-166.88898,86.00886,36.30911,24.24484,0.13053,20.33843,10.23043,324.62846,-111.61823333333332,48.85427000000001,10.23313,0.610156169473736,0.614152502435862
2020,BRA,212.44501,202.22344,521.70406,-72.04984,-102.66021,-173.72842,86.64082,35.16247,20.95133,0.13053,14.43844,7.26978,312.12417,-116.14615666666668,47.58487333333333,7.279583333333334,0.569037460965101,0.547350953715288
2021,BRA,255.02394,165.07141,518.3069,-73.89164,-102.66021,-179.8204,88.49542,35.16247,19.5484,0.13053,6.59824,3.43719,312.80075000000005,-118.79075,47.73543,3.388653333333333,0.633148930369695,0.58860030505844
2022,BRA,246.16141,188.32708,518.08773,-75.01562,-102.66021,-188.02334,89.13766,35.16247,17.92159,0.13053,6.59824,3.43719,317.52540666666664,-121.89972333333333,47.40724,3.388653333333333,0.612843208310631,
1950,CHN,93.97493,100.68814,74.45937,-40.8413,-79.03599,-31.63164,32.92262,0.61616,17.31792,1.00943,72.28117,16.6506,89.70747999999999,-50.50297666666666,16.952233333333336,29.9804,0.0395533129206673,
1951,CHN,99.8746,89.20645,91.75113,-40.61633,-79.27528,-31.88865,34.17568,0.46085,18.06266,1.00943,67.14379,17.34091,93.61072666666666,-50.59342,17.566396666666666,28.498043333333328,0.0503417058188323,
1952,CHN,101.03418,79.45502,89.36576,-40.65879,-79.46241,-32.409,35.53572,0.22505,19.42084,1.00943,64.28106,16.26333,89.95165333333334,-50.8434,18.39387,27.184606666666664,0.0618356213280045,
1953,CHN,103.14539,72.33698,86.43933,-40.82188,-79.62575,-34.8692,36.8998,0.00316,19.34256,1.00943,61.48697,17.48734,87.30723333333333,-51.77227666666667,18.748506666666668,26.661246666666667,0.0632389051448786,
1954,CHN,106.22868,67.57295,82.85589,-41.21606,-79.75813,-35.87442,38.23308,-0.12568,22.26927,1.00943,61.99579,14.78407,85.55250666666666,-52.28287,20.125556666666665,25.92976333333333,0.0744277170192174,
1955,CHN,109.7824,64.05704,82.14235,-41.78447,-79.85093,-39.56245,39.57987,-0.15191,21.13009,1.00943,61.35376,17.6782,85.32726333333333,-53.73261666666667,20.186016666666664,26.680463333333336,0.0861867710835023,
1956,CHN,115.70296,60.73251,81.69671,-42.45145,-79.90236,-41.16002,40.95726,-0.17666,23.20464,1.00943,63.20088,15.6116,86.04406,-54.50461000000001,21.328413333333334,26.60730333333333,0.0955793422252782,
1957,CHN,119.07718,57.49295,83.04504,-42.69919,-79.91062,-43.94032,42.3773,-0.1999,23.70928,1.00943,63.2987,15.67423,86.53839,-55.51671,21.962226666666663,26.660786666666663,0.11080947768488,
1958,CHN,129.87214,55.24893,86.2252,-43.6317,-79.93226,-48.16619,43.78939,-0.2217,23.1434,1.00943,63.32665,17.98596,90.44875666666668,-57.24338333333333,22.23703,27.44068,0.222403516994337,
1959,CHN,171.78905,54.58017,90.05989,-44.2151,-80.30388,-50.92247,45.23775,-0.24211,24.93583,1.00943,70.70761,20.69469,105.47637000000002,-58.48048333333333,23.31049,30.80391,0.301371027775306,
1960,CHN,113.74026,53.76467,82.16453,-42.83529,-81.2919,-54.31362,46.65675,-0.26117,25.27813,1.00943,7.00921,16.07668,83.22315333333334,-59.48027,23.891236666666668,8.031773333333334,0.333266350009317,
1961,CHN,107.65216,51.86695,77.28999,-41.64206,-82.58298,-57.11897,48.78948,-0.27892,26.99013,1.00943,22.44798,18.13929,78.93636666666667,-60.44800333333333,25.166896666666663,13.865566666666666,0.237676020940781,
1962,CHN,104.26883,48.56731,81.60326,-40.37563,-83.79202,-58.90672,49.71679,-0.29536,27.74658,1.00943,10.88528,15.79675,78.14646666666667,-61.02479,25.722670000000004,9.230486666666666,0.188743377989111,
1963,CHN,100.83748,45.05153,82.72444,-39.12419,-84.61053,-61.73363,50.51904,-0.31034,26.82425,1.00943,12.63355,15.16856,76.20448333333333,-61.82278333333333,25.67765,9.603846666666668,0.182287223148675,
1964,CHN,103.60352,42.98591,86.23066,-37.93279,-85.15959,-62.53592,51.20239,-0.25613,28.88715,1.00943,16.8556,15.30621,77.60669666666666,-61.8761,26.611136666666667,11.05708,0.178428671861834,
1965,CHN,99.02952,41.56097,89.90762,-37.02896,-85.85631,-65.56992,51.63557,-0.09961,27.9308,1.00943,13.99845,16.1256,76.83270333333333,-62.818396666666665,26.488920000000004,10.377826666666666,0.188632626776345,
1966,CHN,96.93522,39.89953,90.74134,-36.1769,-86.63095,-68.40703,51.8924,0.02354,27.35845,1.00943,12.07078,16.73523,75.85869666666666,-63.73829333333333,26.424796666666666,9.93848,0.201846555780751,
1967,CHN,95.58935,37.95959,90.17712,-35.41942,-87.39847,-68.89395,52.02226,0.06518,28.8624,1.00943,11.94811,16.66423,74.57535333333333,-63.90394666666666,26.98328,9.873923333333332,0.165054495370279,
1968,CHN,101.65969,36.2661,95.14809,-34.53959,-87.40372,-71.78925,51.99904,0.16888,27.95497,1.00943,15.04451,17.54348,77.69129333333333,-64.57751999999999,26.70763,11.19914,0.173297498914177,
1969,CHN,102.48281,34.76687,99.78333,-33.70119,-87.73152,-72.71867,51.88289,0.26141,28.87386,1.00943,19.07135,15.72035,79.01100333333333,-64.71712666666667,27.00605333333333,11.93371,0.206945391350769,
1970,CHN,103.43288,33.4356,102.14514,-32.77363,-87.95135,-74.95265,51.74336,0.28228,28.92619,1.00943,23.78615,14.88449,79.67120666666666,-65.22587666666668,26.983943333333333,13.22669,0.26808735858006,
1971,CHN,102.75627,32.66384,103.66874,-31.88116,-88.16198,-78.44505,51.65471,0.46941,27.49639,1.00943,15.34479,15.74029,79.69628333333333,-66.16273,26.540170000000003,10.69817,0.294261877641637,
1972,CHN,109.59843,31.52941,108.46307,-30.98764,-87.82318,-80.37119,51.85005,1.08027,28.23968,1.00943,21.54758,16.59694,83.19697000000001,-66.39400333333333,27.05666666666667,13.051316666666663,0.306393092588451,
1973,CHN,140.01542,30.68394,118.61232,-29.93525,-87.9755,-82.61588,51.9787,1.9228,29.5753,1.00943,32.35095,15.69643,96.43722666666667,-66.84221000000001,27.8256,16.35227,0.312128818187775,
1974,CHN,111.10601,30.08232,117.75842,-31.48548,-87.93995,-83.38802,52.37037,1.45885,30.77952,1.00943,9.45408,15.43967,86.31558333333334,-67.60448333333333,28.20291333333333,8.634393333333334,0.311991369746,
1975,CHN,124.08659,30.29967,118.37287,-30.33349,-87.84716,-86.6785,53.44737,2.75842,32.53625,1.00943,23.65524,16.77296,90.91971,-68.28638333333333,29.58068,13.812543333333332,0.352880716411277,
1976,CHN,127.14254,29.69489,121.18485,-29.2062,-87.84319,-86.93894,54.6287,3.56039,35.81584,1.00943,20.98783,16.49487,92.67409333333332,-67.99611,31.334976666666662,12.830709999999998,0.360157774243603,
1977,CHN,126.46289,29.08749,123.9468,-28.30465,-88.05286,-90.07014,55.0156,6.24989,36.34127,1.00943,22.75837,16.84185,93.16572666666666,-68.80921666666666,32.53558666666667,13.53655,0.388239554326089,
1978,CHN,124.12913,28.6602,120.6061,-27.38157,-88.38214,-93.24234,54.61269,5.03987,34.12574,1.00943,20.8173,20.88973,91.13181000000002,-69.66868333333333,31.25943333333333,14.23882,0.426553159857296,
1979,CHN,117.12566,28.26748,115.2082,-26.68499,-88.75175,-94.91472,54.25534,3.79825,33.54662,1.00943,18.30578,18.40393,86.86711333333334,-70.11715333333333,30.533403333333336,12.573046666666665,0.430024453281421,
1980,CHN,140.93199,27.90807,116.55574,-25.95712,-89.17214,-95.99041,53.74621,4.21877,33.39457,1.00943,34.28407,17.3526,95.13193333333334,-70.37322333333333,30.45318333333333,17.5487,0.415205479979703,
1981,CHN,279.70417,27.57458,136.7337,-25.33153,-89.63149,-97.80256,53.58428,3.99502,32.16864,1.00943,76.63928,35.40456,148.00415,-70.92186,29.91598,37.684423333333335,0.404078953534852,
1982,CHN,354.67592,27.2733,161.33967,-24.44137,-90.08551,-100.28965,53.52795,4.19279,30.6119,1.00943,87.51595,42.89828,181.0962966666667,-71.60551,29.44421333333333,43.80788666666666,0.432645017933799,
1983,CHN,432.19606,26.99547,176.05991,-22.53285,-90.30219,-100.54314,53.49058,3.61882,31.61763,1.00943,103.67517,51.36788,211.75048,-71.12606,29.575676666666663,52.01749333333333,0.449264797409143,
1984,CHN,477.84735,26.71485,185.58889,-20.34328,-90.3025,-101.28518,53.46745,3.05633,30.50941,1.00943,102.92391,58.65621,230.05036333333337,-70.64365333333333,29.011063333333336,54.19651666666667,0.482201208320947,
1985,CHN,349.26304,26.41927,172.74167,-19.45582,-90.04573,-103.63077,52.3854,3.02577,28.99521,1.00943,38.08799,57.73923,182.8079933333333,-71.04410666666666,28.13546,32.27888333333333,0.514344218605296,
1986,CHN,298.61343,26.09985,150.78772,-18.7911,-89.76672,-106.12277,51.30393,3.54292,26.22717,1.00943,30.92819,70.75403,158.50033333333332,-71.56019666666667,27.024673333333336,34.23055,0.532853724770626,
1987,CHN,289.57897,25.80249,146.73765,-18.28002,-89.47461,-108.37207,50.05944,4.55209,25.31033,1.00943,31.57656,71.21502,154.03970333333334,-72.04223333333333,26.64062,34.600336666666664,0.561785094459138,
1988,CHN,298.78367,25.43607,149.43933,-18.16226,-89.20401,-110.31544,48.55134,4.66964,22.84063,1.00943,37.50468,90.47353,157.88635666666667,-72.56057,25.35387,42.99588,0.593328167857101,
1989,CHN,300.36514,25.00408,153.36428,-18.02183,-89.00803,-111.47949,47.28989,4.73274,21.7904,1.00943,40.07937,90.58501,159.57783333333333,-72.83645,24.604343333333333,43.89127,0.59272392828594,
1990,CHN,281.64319,25.15626,153.67246,-17.33272,-88.81253,-114.35682,45.74889,5.35888,20.61775,1.00943,34.76967,94.64497,153.49063666666666,-73.50069,23.908506666666668,43.47469,0.587829072727576,0.548912018254695
1991,CHN,216.48262,25.04111,142.00793,-19.67855,-88.75587,-114.68087,43.79403,4.47653,18.89647,1.00943,6.62363,78.03698,127.84388666666666,-74.37176333333333,22.389010000000003,28.55668,0.607598573907871,0.559520052700062
1992,CHN,221.74922,24.70239,124.96895,-19.2967,-89.00516,-114.59838,41.8481,2.67874,17.47448,1.00943,20.27295,88.46705,123.80685333333334,-74.30008,20.667106666666665,36.58314333333333,0.629577512851732,0.593890014748075
1993,CHN,230.82033,24.46082,115.53106,-18.45248,-89.3702,-115.19196,40.20911,1.01044,16.70746,1.00907,30.19509,77.16616,123.60407000000002,-74.33821333333333,19.309003333333337,36.12344,0.666797770497781,0.629245629765369
1994,CHN,254.33886,24.28031,123.49972,-18.12247,-89.71423,-119.02372,39.12714,0.4352,13.00436,1.00907,47.56677,87.38982,134.03963,-75.62014,17.522233333333332,45.32188666666667,0.701647978193244,0.6216999327618
1995,CHN,235.54325,24.10648,121.55532,-17.7365,-89.91784,-119.81002,37.37236,0.04792,11.38534,1.0213,28.4004,79.11609,127.06835,-75.82145333333334,16.268539999999998,36.17926333333333,0.753176217570523,0.670796539989755
1996,CHN,247.18752,23.94416,115.20256,-17.06716,-90.03036,-119.77333,36.21197,0.24218,11.45622,1.02357,39.02778,75.85847,128.77808000000002,-75.62361666666668,15.970123333333332,38.636606666666665,0.779653001426835,0.694438825535659
1997,CHN,247.54017,23.80222,117.90952,-16.47021,-90.20349,-123.30738,34.90864,1.15315,8.78603,1.02405,39.86601,77.10267,129.75063666666665,-76.66036,14.949273333333332,39.33091,0.775161673265889,0.674388975100298
1998,CHN,239.7319,23.67653,125.79575,-17.36322,-90.4086,-127.71612,34.21644,1.31113,6.49547,1.02605,34.88985,61.32139,129.73472666666666,-78.49598,14.00768,32.41243,0.736490254505013,0.647879102923503
1999,CHN,207.71657,23.39119,121.66701,-18.07211,-90.62009,-129.69012,32.59303,1.11112,3.51508,1.03058,21.82056,62.90025,117.59159,-79.46077333333334,12.40641,28.583796666666668,0.773336136900151,0.689667808369573
2000,CHN,164.1007,23.03277,103.41834,-25.00271,-90.81811,-128.98196,30.43184,0.13124,3.02239,1.03447,2.21166,60.63466,96.85060333333332,-81.60092666666667,11.195156666666668,21.293596666666662,0.787882035370841,0.704396975967712
2001,CHN,145.96954,22.65126,92.59542,-29.17156,-91.11505,-133.24597,28.0955,-1.09585,-0.68578,1.03918,1.22999,65.2062,87.07207333333334,-84.51086,8.77129,22.49179,0.799540931630664,0.720121221879615
2002,CHN,137.55246,22.2198,88.81759,-39.10762,-91.51649,-136.12196,25.65067,-2.34254,-2.06494,1.03829,2.87169,60.3338,82.86328333333333,-88.91535666666668,7.081063333333334,21.41459333333333,0.874231576736807,0.77772735854626
2003,CHN,144.0544,21.7264,89.0787,-40.43908,-92.00338,-138.11392,24.74927,-3.36636,-2.98701,1.03941,10.39093,53.38433,84.95316666666666,-90.18546,6.131966666666666,21.60489,1.02513253181678,0.863486527209862
2004,CHN,150.51297,21.71298,93.64551,-39.13754,-92.58686,-143.54156,22.87738,-3.95117,-5.48852,1.04417,19.71728,85.57685,88.62382000000001,-91.75532,4.479229999999999,35.446099999999994,1.09803448851424,0.908252157027743
2005,CHN,120.81573,21.94919,88.79564,-51.03176,-93.56183,-145.30415,21.13836,-4.46844,-4.86083,1.04546,6.16598,71.49822,77.18685333333333,-96.63258,3.936363333333333,26.236553333333333,1.23028863297703,0.986755269566014
2006,CHN,122.18135,22.08168,85.51376,-49.34377,-94.41414,-152.59998,19.3297,-4.94878,-7.98578,1.04455,14.13225,64.66763,76.59226333333334,-98.78596333333331,2.1317133333333333,26.61481,1.34985173112579,1.06740668968069
2007,CHN,113.39848,22.15065,85.43018,-48.40668,-94.87147,-156.13203,19.55117,-5.43142,-8.53849,1.04589,6.71321,57.06655,73.65977,-99.80339333333332,1.86042,21.60855,1.44228448026319,1.14526938728985
2008,CHN,109.0393,22.06109,82.32623,-47.26098,-95.01505,-154.02813,20.51509,-5.14904,-0.89093,1.04681,9.2519,54.04581,71.14220666666667,-98.76805333333334,4.82504,21.448173333333333,1.5391689861311,1.22474049487869
2009,CHN,105.40472,21.9556,81.25085,-46.10897,-86.46789,-156.21292,21.48037,-2.86956,4.06213,1.04966,17.41498,53.90883,69.53705666666667,-96.26326,7.557646666666667,24.12449,1.60827452235538,1.3698798870115
2010,CHN,86.39624,21.885,113.19361,-107.32613,-83.97688,-157.7835,21.76433,0.48436,9.18069,1.04966,7.34553,43.7768,73.82495,-116.36217,10.47646,17.390663333333332,1.74514628100776,1.48525050045133
2011,CHN,81.99435,21.61537,114.88729,-104.61929,-87.15154,-165.76014,22.62602,3.57602,7.4495,1.05158,4.5274,60.55391,72.83233666666666,-119.17699,11.21718,22.044296666666668,1.91706483593634,1.63661641988905
2012,CHN,77.96122,21.2189,82.86358,-102.64545,-90.78271,-162.85039,22.01319,4.90661,8.68726,1.05215,5.92542,60.29863,60.68123333333333,-118.75951666666668,11.86902,22.4254,1.95310572793989,1.69724717839332
2013,CHN,72.36712,21.00171,75.94828,-100.75592,-92.63305,-167.76833,22.14682,5.35623,5.85222,1.05077,5.56435,60.48853,56.439036666666674,-120.38576666666664,11.118423333333334,22.36788333333333,1.97467551987018,1.73044216921429
2014,CHN,72.37157,20.81188,82.04267,-98.20846,-93.57021,-168.53291,21.36989,6.40592,6.32238,1.05085,2.55724,60.17972,58.40870666666667,-120.10386,11.366063333333337,21.26260333333333,1.97005205163518,1.73694044173946
2015,CHN,91.8529,20.58649,88.14085,-93.45894,-94.03255,-171.10361,20.18583,6.03738,3.21093,1.05085,28.43994,61.66969,66.86008,-119.5317,9.81138,30.386826666666668,1.93220592281511,1.73660603428436
2016,CHN,70.02177,20.34927,82.03209,-107.20942,-94.22451,-171.84652,20.02951,3.98032,2.43246,1.05227,4.59311,60.7073,57.46771,-124.42681666666664,8.814096666666666,22.11756,1.90109691576144,1.72588079338602
2017,CHN,90.02189,20.10167,82.41925,-102.04737,-94.25464,-175.42668,18.63045,4.06157,1.40752,1.05179,21.79371,61.46311,64.18093666666667,-123.90956333333334,8.03318,28.10287,1.93742310311911,1.76931371194812
2018,CHN,151.05296,19.84421,88.04552,-90.04091,-94.12771,-173.35999,19.12233,3.64299,4.63011,1.05177,64.61207,62.61636,86.31423000000001,-119.17620333333332,9.131810000000002,42.76006666666667,1.99415451885824,1.85191720181692
2019,CHN,167.68548,19.57029,96.37767,-81.33593,-93.81651,-175.54804,17.89572,4.92807,4.74151,1.06738,44.12516,63.60115,94.54448,-116.90016,9.188433333333334,36.264563333333335,2.0578961868323,1.9065863266994
2020,CHN,183.13285,19.27734,103.0748,-73.35248,-93.30451,-174.44237,16.99683,5.26355,4.8679,1.06825,44.39398,63.5518,101.82833,-113.69978666666668,9.04276,36.33801,2.09042940232529,1.91232341215574
2021,CHN,197.78191,19.47711,106.35715,-66.00124,-93.30451,-175.57311,16.19113,5.26355,3.84719,1.06825,42.93494,63.58901,107.87205666666668,-111.62628666666669,8.433956666666669,35.864066666666666,2.17268366386835,1.97533564547094
2022,CHN,212.25204,19.22579,108.32119,-59.48404,-93.30451,-174.72981,15.56595,5.26355,3.2308,1.06825,42.93494,63.58901,113.26634,-109.17278666666664,8.020100000000001,35.864066666666666,2.18413365228023,
1950,COD,130.98561,34.74988,60.02041,-63.58312,-27.165,-39.74439,6.13914,0.30047,2.09766,0.1294,1.44006,1.19251,75.25196666666666,-43.49750333333333,2.8457566666666665,0.9206566666666666,0.0328410644764273,
1951,COD,135.47076,35.46484,62.25981,-63.95885,-27.21964,-40.16755,6.42239,0.32478,2.19719,0.1294,1.00187,0.97521,77.73180333333335,-43.78201333333333,2.981453333333333,0.70216,0.0380026188373317,
1952,COD,141.48466,36.22604,64.30394,-64.44877,-27.27989,-40.85557,6.66852,0.34987,2.28724,0.1294,1.35873,1.14608,80.67154666666666,-44.19474333333333,3.101876666666667,0.87807,0.0444058344777475,
1953,COD,147.31842,37.12083,66.2231,-64.98586,-27.34995,-41.16885,6.93536,0.37574,2.39432,0.1294,1.38119,1.15941,83.55411666666667,-44.50155333333333,3.23514,0.89,0.0477815420063284,
1954,COD,152.7757,38.18198,68.41286,-65.53738,-27.43515,-41.4126,7.23543,0.40379,2.5089,0.1294,1.62405,1.26339,86.45684666666666,-44.79504333333333,3.382706666666667,1.0056133333333337,0.0575757328870241,
1955,COD,158.27024,39.19891,70.98092,-66.10439,-27.54066,-41.88532,7.5321,0.434,2.62289,0.1294,1.06696,0.99361,89.48335666666667,-45.17679,3.529663333333333,0.7299899999999999,0.0677903644612296,
1956,COD,162.55023,40.08247,73.3986,-66.62559,-27.66039,-42.37313,7.96305,0.4651,2.71812,0.1294,2.08025,1.50377,92.01043333333332,-45.55303666666666,3.7154233333333337,1.2378066666666667,0.06216306845617,
1957,COD,170.24856,41.01095,76.56364,-67.30532,-27.78852,-43.48345,8.45839,0.49715,2.77389,0.1294,1.66026,1.30884,95.94105,-46.19243,3.90981,1.0328333333333333,0.0637416613092934,
1958,COD,177.2209,42.06719,78.87143,-68.03092,-27.93131,-44.42914,8.84402,0.53017,2.84794,0.1294,1.88686,1.40886,99.38650666666668,-46.79712333333333,4.074043333333333,1.1417066666666666,0.0548122128771053,
1959,COD,180.73595,43.32642,81.65752,-68.67992,-28.09522,-44.83116,9.23648,0.56416,2.99415,0.1294,1.75759,1.35203,101.90663,-47.2021,4.26493,1.0796733333333333,0.0494255396628238,
1960,COD,215.79209,44.57194,89.64447,-69.94881,-28.28607,-45.37258,9.65717,0.5991,3.13656,0.1294,1.77484,1.29539,116.6695,-47.86915333333334,4.464276666666667,1.0665433333333334,0.0414217013820814,
1961,COD,166.62709,45.73401,88.66521,-71.99568,-28.49973,-46.06682,10.08216,0.63498,3.32092,0.1294,0.28841,0.59249,100.34210333333334,-48.85407666666666,4.679353333333334,0.3367666666666666,0.0410154084357156,
1962,COD,143.0067,46.95962,79.91398,-73.42499,-28.72624,-46.8225,10.39117,0.65935,3.37247,0.1294,0.36668,0.63818,89.9601,-49.65791,4.807663333333333,0.3780866666666666,0.0368505488111368,
1963,COD,121.30523,48.35002,77.72893,-74.18761,-28.97114,-47.37529,10.73629,0.66771,3.34859,0.1294,0.23543,0.5715,82.46139333333333,-50.17801333333333,4.91753,0.31211,0.0378818333571509,
1964,COD,109.24419,49.97572,75.85829,-74.78247,-29.24416,-47.34682,11.05945,0.67789,3.36514,0.1294,-0.25616,0.33778,78.3594,-50.45781666666667,5.03416,0.07034,0.0317548461517985,
1965,COD,101.52676,51.57025,75.25789,-75.27262,-29.55066,-47.59932,11.38018,0.68801,3.3874,0.1294,0.3384,0.62516,76.1183,-50.80753333333334,5.151863333333333,0.36432,0.0386348690920608,
1966,COD,97.24176,53.05637,75.59254,-75.64535,-29.87678,-48.05543,11.70291,0.70275,3.43135,0.1294,0.41927,0.66728,75.29689,-51.19252,5.279003333333333,0.4053166666666666,0.0365465169258442,
1967,COD,95.76153,54.58313,75.10198,-75.93384,-30.21469,-47.7144,12.06874,0.71843,3.51924,0.1294,0.33518,0.62677,75.14887999999999,-51.287643333333335,5.43547,0.3637833333333333,0.0338172390505132,
1968,COD,94.13551,56.28444,75.6331,-76.16303,-30.56759,-47.93036,12.42396,0.73761,3.59265,0.1294,-0.17985,0.37115,75.35101666666667,-51.55366,5.58474,0.1069,0.0482933973360693,
1969,COD,92.60568,58.20814,76.9571,-76.38744,-30.93502,-48.86518,12.7635,0.7568,3.60862,0.1294,-0.34511,0.29057,75.92364,-52.06254666666667,5.70964,0.0249533333333333,0.0508418983839452,
1970,COD,93.02248,60.12929,76.88397,-76.61242,-31.3212,-48.88093,13.09302,0.77652,3.6838,0.1294,-0.17779,0.37523,76.67858,-52.27151666666666,5.851113333333333,0.1089466666666666,0.0366984673990784,
1971,COD,92.07568,61.8778,76.70369,-76.82638,-31.72621,-48.52907,13.36316,0.79656,3.77527,0.1294,0.7203,0.81287,76.88572333333333,-52.360553333333336,5.97833,0.5541900000000001,0.0389851318804935,
1972,COD,91.16228,63.65482,77.60003,-77.00723,-32.15407,-49.19212,13.6596,0.75724,3.79091,0.1294,0.71505,0.80856,77.47237666666666,-52.78447333333335,6.069249999999999,0.5510033333333333,0.0387090209493772,
1973,COD,90.15933,65.48351,78.21582,-77.11196,-32.60856,-49.72708,13.84925,0.80696,3.81016,0.1294,1.11784,1.01198,77.95288666666666,-53.1492,6.155456666666667,0.7530733333333334,0.0398284843339175,
1974,COD,85.8588,67.60057,78.2612,-77.31566,-33.11179,-49.36948,14.07929,0.74222,3.90334,0.1294,0.9727,0.93285,77.24019,-53.26564333333334,6.241616666666666,0.6783166666666668,0.0409075932497354,
1975,COD,86.91762,69.78179,78.68937,-77.36103,-33.6485,-49.73462,14.38994,0.78054,3.93774,0.1294,-0.02232,0.46078,78.46292666666666,-53.58138333333333,6.369406666666666,0.1892866666666667,0.0382736102850037,
1976,COD,85.70612,71.80741,79.99998,-77.49949,-34.22387,-50.19618,14.81236,0.86133,4.03404,0.1294,-0.33888,0.29398,79.17117,-53.97317999999999,6.5692433333333335,0.0281666666666666,0.0392847291485515,
1977,COD,84.03421,73.76061,81.10765,-77.62731,-34.83853,-51.15456,15.24458,0.91534,4.0957,0.1294,0.09607,0.50458,79.63415666666667,-54.54013333333333,6.751873333333333,0.24335,0.039121739788177,
1978,COD,82.11413,75.9759,81.20221,-77.77585,-35.50281,-51.35806,15.79765,0.9135,4.24368,0.1294,-0.04146,0.43892,79.76407999999999,-54.878906666666666,6.984943333333334,0.17562,0.038469722006326,
1979,COD,83.77291,78.38213,82.38781,-77.77751,-36.18002,-51.86449,16.34136,1.01174,4.42773,0.1294,0.06716,0.49659,81.51428333333332,-55.27400666666667,7.260276666666667,0.2310499999999999,0.0394078131290968,
1980,COD,84.73058,80.75451,83.82273,-77.72819,-36.89187,-52.26793,16.97388,0.98889,4.5993,0.1294,-0.3653,0.27858,83.10260666666667,-55.62933,7.520690000000001,0.0142266666666666,0.0356120748887447,
1981,COD,83.08392,83.06287,84.65516,-77.83476,-37.64089,-52.65972,17.4776,0.98866,4.74013,0.1294,-0.14484,0.37941,83.60065,-56.04512333333333,7.735463333333333,0.1213233333333333,0.0373282864833403,
1982,COD,82.34579,85.44491,85.69431,-77.88917,-38.41742,-53.01944,18.03778,0.99603,4.89983,0.1294,-0.13494,0.39102,84.49500333333333,-56.44201,7.977880000000002,0.1284933333333333,0.0294691138182382,
1983,COD,83.47532,87.90285,87.09647,-77.89842,-39.20693,-54.05493,18.60344,1.04296,4.64108,0.1294,0.59136,0.75116,86.15821333333334,-57.05342666666667,8.095826666666666,0.4906399999999999,0.037619396716055,
1984,COD,83.73207,90.42235,88.15298,-77.96258,-40.02996,-53.87745,19.13275,1.05457,4.43985,0.1294,0.28999,0.59629,87.43579999999999,-57.28999666666667,8.209056666666667,0.33856,0.0359120225147529,
1985,COD,85.31687,92.96209,89.72775,-78.0073,-40.88868,-54.15837,19.65312,1.03252,4.49142,0.1294,-0.321,0.29751,89.33557,-57.684783333333336,8.392353333333334,0.0353033333333333,0.0320058820071023,
1986,COD,81.48796,95.47496,90.87368,-78.11233,-41.79133,-54.72631,20.09489,1.09915,4.55011,0.1294,0.0332,0.47064,89.27886666666666,-58.209990000000005,8.581383333333333,0.21108,0.0287821571312675,
1987,COD,79.56592,97.97051,92.32626,-78.19402,-42.74103,-56.23733,20.50176,1.05131,4.50306,0.1294,0.28501,0.59269,89.95423,-59.05745999999999,8.685376666666668,0.3356999999999999,0.0318363014133206,
1988,COD,78.57009,100.44251,93.08629,-78.22705,-43.74492,-56.16741,21.0159,1.08583,4.67777,0.1294,-0.12054,0.40609,90.69963,-59.37979333333333,8.926499999999999,0.1383166666666666,0.0321687384415758,
1989,COD,78.52722,103.06517,93.99311,-78.19391,-44.79873,-55.94998,21.63536,1.14621,4.93304,0.1294,-0.02417,0.45246,91.86183333333334,-59.64753999999999,9.238203333333333,0.1858966666666666,0.0341059691181148,
1990,COD,78.39744,105.78295,99.8431,-78.24123,-45.90302,-57.20933,22.40262,1.24391,5.08835,0.1294,0.46093,0.68538,94.67449666666666,-60.45119333333333,9.578293333333333,0.4252366666666667,0.0322237101725175,
1991,COD,78.21789,108.5661,97.88018,-78.28529,-47.03878,-57.32217,23.38742,1.35474,5.46618,0.1294,0.59503,0.74608,94.88805666666669,-60.88208,10.069446666666666,0.49017,0.0240707418027914,
1992,COD,76.75712,111.80341,92.3923,-78.37612,-48.18388,-57.81286,24.65382,1.54142,5.93668,0.1294,0.49304,0.69247,93.65094333333332,-61.45762,10.71064,0.4383033333333333,0.0206960864095133,
1993,COD,82.52745,115.3252,98.0254,-78.58923,-49.37428,-58.4189,26.28468,1.75703,6.5962,0.1294,1.23391,1.06142,98.62601666666666,-62.12747,11.545970000000002,0.8082433333333334,0.0183578323256883,
1994,COD,84.51719,118.51984,104.70411,-79.93769,-50.63422,-59.45279,27.83152,2.05157,7.23666,0.1294,-0.07221,0.42936,102.58038,-63.341566666666665,12.37325,0.1621833333333333,0.0180866795410421,
1995,COD,83.66269,119.89323,107.34801,-80.02384,-51.93044,-61.27265,29.10894,2.02587,7.63595,0.12974,0.11027,0.52331,103.63464333333332,-64.40897666666667,12.923586666666669,0.25444,0.0195220029605736,
1996,COD,84.02542,124.76602,107.91825,-80.69604,-53.20547,-61.55231,30.12504,1.90179,7.98578,0.13138,0.25053,0.592,105.56989666666668,-65.15127333333334,13.337536666666663,0.3246366666666666,0.0214822630778987,
1997,COD,94.5704,127.73099,112.09476,-80.9552,-54.60243,-63.08701,30.893,1.72731,8.12157,0.13068,1.85543,1.38634,111.46538333333336,-66.21488000000001,13.580626666666667,1.12415,0.0188116646648382,
1998,COD,96.43532,129.66052,115.57314,-81.61916,-56.00596,-64.83779,31.50691,1.57228,8.09676,0.13068,1.7823,1.35247,113.88966,-67.48763666666666,13.725316666666666,1.0884833333333332,0.0162537989794546,
1999,COD,98.55781,131.22197,116.99691,-81.84589,-57.41523,-64.76051,32.01148,1.47863,8.3081,0.13009,2.45712,1.69265,115.59223,-68.00721,13.932736666666663,1.42662,0.0127105233078216,
2000,COD,97.38098,132.6475,118.33139,-82.18743,-58.82915,-66.4718,32.46615,1.43192,8.3085,0.1285,1.19402,1.05554,116.11995666666668,-69.16279333333334,14.068856666666669,0.7926866666666667,0.0095701428764428,
2001,COD,88.96792,133.81935,117.32918,-81.98374,-60.24955,-67.88925,32.95669,1.40596,8.35127,0.12742,0.77168,0.84732,113.37215,-70.04084666666667,14.237973333333334,0.58214,0.0089736178539361,
2002,COD,85.40487,134.98899,117.51499,-81.6577,-61.67815,-69.18809,33.39169,1.38451,8.40132,0.12742,0.44136,0.66297,112.63628333333334,-70.84131333333333,14.392506666666664,0.4105833333333333,0.0091620582180412,
2003,COD,91.86026,136.20859,118.60654,-81.7651,-63.11304,-70.14199,33.87254,1.38901,8.3865,0.12727,0.82329,0.85323,115.55846333333334,-71.67337666666667,14.54935,0.6012633333333334,0.0107526462012044,
2004,COD,84.05156,137.63486,119.47238,-81.51048,-64.55323,-71.21451,34.33853,1.40161,8.42863,0.12718,0.22029,0.56189,113.7196,-72.42607333333335,14.722923333333332,0.30312,0.0100981894815572,
2005,COD,82.68014,139.19321,120.07397,-81.15901,-65.98714,-72.72495,34.77549,1.43428,8.42068,0.12718,0.2539,0.57927,113.98244,-73.29036666666666,14.876816666666665,0.3201166666666666,0.0110442058564252,
2006,COD,84.15068,140.37271,121.56052,-80.65917,-67.40386,-72.84321,35.23989,1.46743,8.59087,0.12718,0.70842,0.80437,115.36130333333334,-73.63541333333333,15.099396666666667,0.5466566666666667,0.0109978261187195,
2007,COD,85.01984,141.66353,122.66839,-80.35235,-68.8084,-73.77434,35.59719,1.45601,8.58084,0.12703,0.73017,0.82067,116.45058666666668,-74.31169666666666,15.211346666666666,0.55929,0.0118797579055655,
2008,COD,160.5463,143.61721,136.87341,-78.27741,-70.20014,-74.36304,35.15448,1.48082,8.57832,0.12703,5.03551,2.95832,147.01230666666666,-74.28019666666667,15.071206666666669,2.7069533333333333,0.0117788850939203,
2009,COD,230.3248,150.9308,162.00614,-76.89544,-71.5023,-75.98002,35.50941,1.49668,8.27998,0.12703,5.821,3.3374,181.0872466666667,-74.79258666666666,15.095356666666667,3.095143333333333,0.0103912002584856,
2010,COD,268.45176,170.21104,179.16782,-77.7988,-72.91024,-77.97385,36.06323,1.5086,8.09607,0.12703,4.40637,2.6461,205.94354,-76.22763,15.222633333333333,2.393166666666667,0.0112512087397267,
2011,COD,308.4708,187.22632,193.21205,-79.60052,-73.12318,-78.69695,35.86513,1.46555,8.35129,0.12703,4.22427,2.56353,229.63639,-77.14021666666667,15.227323333333333,2.3049433333333336,0.0120941130941899,
2012,COD,295.4947,203.52017,201.86623,-83.095,-73.33817,-81.24895,36.34559,1.41881,8.38594,0.12703,2.13664,1.54236,233.6270333333333,-79.22737333333333,15.383446666666666,1.268676666666667,0.0107586709993691,
2013,COD,303.7012,219.4542,211.64413,-85.40262,-73.55613,-84.56241,36.46946,1.37805,8.38092,0.12688,4.11801,2.51631,244.93317666666667,-81.17372,15.409476666666668,2.2537333333333334,0.0145699649068262,
2014,COD,259.01613,228.71292,216.28595,-88.48323,-73.78727,-87.04426,37.61286,1.33825,8.36231,0.12688,0.30295,0.63197,234.67166666666665,-83.10492,15.77114,0.3539333333333334,0.0181878366155461,
2015,COD,215.53469,224.55092,215.60929,-89.99514,-74.02252,-89.55275,37.98425,1.29959,8.34765,0.12688,1.88594,1.41841,218.56496666666663,-84.52347,15.877163333333336,1.1437433333333331,0.0113690816716311,
2016,COD,223.48252,221.99443,222.29573,-90.93581,-76.09196,-91.76981,38.10756,1.31869,8.23557,0.12781,3.06589,2.01129,222.59089333333336,-86.26586000000002,15.887273333333331,1.7349966666666667,0.0085781916402256,
2017,COD,229.14272,221.95497,227.26766,-93.4208,-78.40333,-93.27062,38.26778,1.2907,8.21844,0.12781,1.93563,1.44521,226.12178333333333,-88.36491666666666,15.92564,1.16955,0.0100463888428761,
2018,COD,197.77876,223.32138,226.49039,-95.08868,-80.75522,-95.21012,38.94457,1.29034,8.20092,0.12745,1.24421,1.09395,215.86351,-90.35134,16.145276666666664,0.82187,0.0105773221569999,
2019,COD,158.51941,225.26807,223.52705,-97.20082,-83.10891,-97.23484,39.46775,1.29,8.12,0.12408,0.24852,0.59697,202.43817666666664,-92.51485666666667,16.292583333333333,0.32319,0.0109045764618885,
2020,COD,186.47636,224.40984,230.24803,-96.98942,-85.46286,-99.39206,39.59011,1.2965,7.9335,0.12513,3.09739,1.99634,213.71141,-93.94811333333332,16.273370000000003,1.7396199999999995,0.0109040738792385,
2021,COD,206.36075,224.38313,238.21205,-99.24517,-85.46286,-101.41827,39.97419,1.2965,7.83464,0.12513,1.08913,1.02805,222.98531,-95.37543333333332,16.368443333333335,0.7474366666666666,0.0112935643465495,
2022,COD,195.34724,222.82036,240.02458,-100.56472,-85.46286,-103.7472,40.39671,1.2965,7.87401,0.12513,1.08913,1.02805,219.39739333333333,-96.59159333333334,16.522406666666665,0.7474366666666666,0.0099979633934385,
1950,IDN,236.25367,87.25611,219.33378,-161.90987,-13.07205,-127.691,53.59341,1.29773,11.66369,0.0,25.52643,12.57179,180.9478533333333,-100.89097333333332,22.184943333333333,12.699406666666668,0.0385667935537653,
1951,IDN,231.8762,89.79938,219.2157,-161.70153,-13.475,-128.78967,55.77288,1.39377,11.86795,0.0,24.31951,12.03976,180.2970933333333,-101.32206666666666,23.011533333333336,12.119756666666667,0.0360871588511355,
1952,IDN,235.31373,92.51642,222.9163,-161.7456,-13.90204,-129.3795,58.24417,1.54566,12.50804,0.0,25.04627,12.45837,183.58215,-101.67571333333336,24.09929,12.501546666666668,0.0478407935172226,
1953,IDN,231.959,95.40315,223.25895,-161.5405,-14.35065,-130.62955,60.97399,1.71311,12.90516,0.0,25.00955,12.61291,183.54036666666664,-102.17356666666667,25.19742,12.540820000000002,0.0481058433498972,
1954,IDN,231.28425,98.42922,226.52259,-161.45926,-14.81878,-130.51836,63.85906,1.8718,13.79764,0.0,25.39598,12.65561,185.41202,-102.26546666666668,26.5095,12.683863333333337,0.0530104783255862,
1955,IDN,234.52891,101.5718,228.09273,-161.49488,-15.30733,-131.05212,66.90999,1.99587,14.49412,0.0,25.98774,12.91004,188.06448,-102.61811,27.79999333333333,12.965926666666666,0.0731763298743005,
1956,IDN,229.58691,105.03957,227.79739,-161.25788,-15.82002,-131.42817,70.11014,2.06222,15.13213,0.0,25.5956,12.75186,187.47462333333337,-102.83535666666668,29.101496666666662,12.782486666666664,0.0747263434971452,
1957,IDN,228.48121,108.54275,228.53973,-161.03478,-16.35671,-134.03704,73.09191,2.08066,15.38129,0.0,21.95528,10.93048,188.52123,-103.80951,30.184619999999995,10.96192,0.0748763694294599,
1958,IDN,228.35085,112.07667,232.3866,-160.886,-16.91935,-135.7379,76.01219,2.04352,16.03038,0.0,22.61311,11.11016,190.93804,-104.51441666666666,31.362030000000004,11.24109,0.0723068184173166,
1959,IDN,226.66948,115.71154,232.72117,-160.75934,-17.51159,-135.29316,78.14006,1.94138,16.92715,0.0,21.4798,10.61782,191.70073,-104.52136333333334,32.336196666666666,10.699206666666669,0.0756861692612125,
1960,IDN,202.66356,119.48863,228.65096,-161.8677,-18.13713,-136.36884,79.16528,1.76439,17.49914,0.0,2.60195,1.37861,183.60105,-105.45789000000002,32.809603333333335,1.3268533333333332,0.0660373385102563,
1961,IDN,189.74117,123.56637,219.26668,-162.67455,-18.79963,-136.6383,86.95988,1.50256,18.672,0.0,4.77596,3.09118,177.52473999999998,-106.03749333333332,35.71148,2.62238,0.0781407679214042,
1962,IDN,181.49563,127.64143,220.4392,-163.55112,-19.50281,-137.12206,90.93615,1.08974,19.69751,0.0,4.05056,3.30642,176.52542000000005,-106.72533,37.24113333333333,2.4523266666666665,0.0671745411682485,
1963,IDN,177.25575,131.79057,215.17017,-164.17057,-20.25036,-138.78559,92.73397,0.82873,18.49932,0.0,7.59676,4.44916,174.73883,-107.73550666666668,37.35400666666666,4.015306666666667,0.0647402192667361,
1964,IDN,173.05843,136.01398,218.83901,-164.89542,-21.04598,-139.43444,92.99063,0.73017,17.77977,0.0,6.2245,4.45146,175.97047333333333,-108.45861333333332,37.16685666666667,3.558653333333333,0.0618850733299954,
1965,IDN,170.0372,140.33082,213.43748,-165.55317,-21.8934,-140.10637,92.15022,0.72919,16.2425,0.0,5.43727,2.92939,174.6018333333333,-109.18431333333336,36.37397000000001,2.7888866666666665,0.0665553221049397,
1966,IDN,168.99172,144.69058,217.3899,-165.97959,-22.79636,-142.13723,90.57026,0.78565,14.97397,0.0,6.2454,3.95425,177.0240666666667,-110.30439333333334,35.44329333333334,3.3998833333333334,0.0616025382225678,
1967,IDN,167.90669,149.04234,214.74863,-166.37416,-23.75836,-141.95625,88.72819,0.88419,13.66485,0.0,9.88567,6.17293,177.23255333333336,-110.69625666666668,34.42574333333334,5.352866666666666,0.0630299595258962,
1968,IDN,165.63663,153.36474,218.07642,-166.88544,-24.78271,-143.10209,86.56682,1.04584,12.52342,0.0,6.28195,3.88299,179.02593000000002,-111.59008,33.37869333333334,3.388313333333333,0.0689264600133873,
1969,IDN,165.33972,157.23404,218.01422,-167.16737,-25.8727,-145.46087,84.3239,1.27028,10.93349,0.0,10.97694,6.6099,180.1959933333333,-112.83364666666668,32.17589,5.862280000000001,0.0811900945614159,
1970,IDN,163.99004,159.85684,220.58468,-167.58965,-27.02305,-145.51189,82.67582,1.65445,10.30453,0.0,8.22911,4.63083,181.47718666666665,-113.37486333333334,31.544933333333333,4.286646666666667,0.0847741723475159,
1971,IDN,164.22949,161.68257,219.41913,-167.79087,-28.22174,-144.55508,81.46058,2.50838,9.92008,0.0,7.83546,5.33641,181.77706333333333,-113.52256333333334,31.296346666666665,4.390623333333333,0.0898365249512085,
1972,IDN,163.30013,162.79816,216.24904,-168.14395,-29.45965,-147.39353,80.61634,3.72235,8.64978,0.0,7.79008,4.90957,180.78244333333336,-114.99904333333332,30.996156666666668,4.233216666666666,0.0972756941909072,
1973,IDN,163.20697,161.69422,223.94589,-168.25777,-30.73042,-148.63347,80.99112,4.8993,9.02006,0.0,7.88195,4.74116,182.94902666666667,-115.87388666666668,31.636826666666664,4.207703333333334,0.107451175561471,
1974,IDN,162.67226,162.84015,219.63826,-168.51015,-32.03014,-146.90998,79.1318,6.73648,8.86581,0.0,7.81954,5.28158,181.71689,-115.81675666666668,31.57803,4.36704,0.109273603762473,
1975,IDN,161.02326,166.54415,222.33782,-169.39821,-33.38166,-147.59354,75.93164,7.42152,7.49331,0.0,4.81402,3.35851,183.3017433333333,-116.79113666666667,30.282156666666666,2.7241766666666667,0.112180612638393,
1976,IDN,162.12393,167.74147,218.71952,-169.44726,-34.81553,-147.49179,74.74499,6.90165,6.37112,0.0,9.3728,5.99838,182.86164,-117.25152666666668,29.33925333333333,5.123726666666666,0.125360363317954,
1977,IDN,161.54344,170.23794,222.40805,-169.48245,-36.39927,-149.10882,72.418,7.51463,5.54968,0.0,9.66946,5.18025,184.72981,-118.33018,28.49410333333333,4.949903333333334,0.163160514561792,
1978,IDN,160.93327,172.2815,225.47777,-169.6512,-38.17574,-150.16533,70.78021,7.59492,4.67982,0.0,11.67713,7.89923,186.23084666666668,-119.33075666666666,27.68498333333333,6.525453333333334,0.181507655784349,
1979,IDN,160.7963,175.47252,225.10382,-169.6931,-40.21471,-151.50689,68.37208,8.5081,3.45285,0.0,6.65407,3.36612,187.12421333333336,-120.47156666666666,26.777676666666665,3.340063333333333,0.179451138121216,
1980,IDN,160.69454,178.01391,227.20422,-169.94168,-42.46055,-151.92953,66.31566,8.86684,2.50013,0.0,7.32846,5.11378,188.63755666666663,-121.44392,25.89421,4.147413333333334,0.174745301551631,
1981,IDN,161.1017,182.50636,229.94352,-170.03677,-44.76771,-152.73985,62.97932,9.35989,1.18469,7.79887,6.64112,7.76723,191.18386,-122.51477666666663,24.507966666666672,7.402406666666667,0.180462196135891,
1982,IDN,160.50645,188.05578,226.44749,-170.27216,-46.99811,-153.16405,60.64536,9.10363,-0.40368,15.59774,13.51633,15.76356,191.66990666666663,-123.47810666666668,23.11510333333333,14.95921,0.185639615282123,
1983,IDN,158.76046,194.31626,231.35785,-174.08431,-48.90117,-155.21462,58.51935,9.48283,-1.34554,23.3966,15.18696,19.60504,194.81152333333333,-126.0667,22.21888,19.3962,0.180787643418521,
1984,IDN,305.8477,209.02107,281.20061,-162.06299,-50.287,-152.80145,57.00126,9.23743,-1.18074,31.19547,171.42425,101.40998,265.35646,-121.71714666666666,21.685983333333336,101.34323333333332,0.189077347186083,
1985,IDN,320.08518,222.97153,331.86127,-156.09779,-50.81939,-155.6493,55.08788,9.79763,-2.69646,38.99434,121.11649,81.54135,291.63932666666665,-120.85549333333334,20.72968333333333,80.55072666666666,0.200173229078184,
1986,IDN,371.93762,241.4887,353.65813,-148.65568,-50.95834,-156.85284,54.03943,9.41309,-3.66517,46.79321,154.14009,102.01165,322.3614833333333,-118.82228666666668,19.92911666666667,100.98165,0.197133740636339,
1987,IDN,321.53004,281.99074,355.72559,-148.06483,-51.10562,-159.0696,53.19149,9.21644,-4.54272,54.59207,85.7038,71.95929,319.74879000000004,-119.41335,19.28840333333333,70.75171999999999,0.196087201572548,
1988,IDN,262.95488,281.58857,337.0488,-150.49926,-51.26069,-158.34112,52.24134,9.61182,-4.36965,62.39094,33.78977,50.53266,293.8640833333333,-120.03369,19.16117,48.90445666666667,0.2061704131303,
1989,IDN,268.8789,261.02325,336.51623,-148.37296,-52.02272,-157.63962,51.31008,10.53534,-4.44248,70.18981,89.1345,79.2895,288.80612666666667,-119.3451,19.13431333333333,79.53793666666667,0.200822928956305,
1990,IDN,215.50339,276.1018,333.45136,-177.49713,-55.67876,-160.81287,48.81007,11.45444,-3.66897,77.98868,32.76213,55.54568,275.01885,-131.32958666666664,18.86518,55.432163333333335,0.23235387351655,0.219789054011492
1991,IDN,190.18934,294.43497,318.54405,-178.62002,-47.27434,-164.81205,46.97752,11.52678,1.34055,80.67674,34.61402,57.54524,267.7227866666667,-130.23547,19.94828333333333,57.612,0.257471123313872,0.236077345326432
1992,IDN,216.56305,306.01925,335.65355,-173.9717,-26.20605,-167.99208,45.20194,12.09353,5.69325,83.3648,84.25203,83.95444,286.0786166666667,-122.72327666666666,20.99624,83.85709,0.288645253868076,0.267212298002098
1993,IDN,188.57493,314.26927,339.46712,-173.96826,-18.30535,-170.02227,43.17342,12.6931,6.7521,86.04994,39.59689,63.66833,280.77044,-120.76529333333332,20.87287333333333,63.10505333333333,0.306193522423396,0.276375313660795
1994,IDN,235.40461,324.29408,353.72958,-167.93808,-17.03896,-172.1642,40.80714,13.26283,6.68271,88.73328,110.18005,99.72118,304.47608999999994,-119.04708,20.25089333333333,99.54483666666664,0.307149368287765,0.279549244938555
1995,IDN,219.79039,334.23752,374.38222,-166.96701,-18.13822,-173.86338,38.48842,13.37677,6.42432,91.81958,73.7825,82.6736,309.4700433333333,-119.65620333333334,19.429836666666667,82.75856,0.306356607857257,0.281702810769906
1996,IDN,227.11733,338.38761,370.98558,-164.08259,-20.54612,-175.35958,37.14382,13.57645,6.11299,94.49178,84.57507,89.19717,312.1635066666667,-119.99609666666667,18.94442,89.42133999999999,0.342983863884778,0.310633853079903
1997,IDN,222.13053,347.93772,370.15911,-162.96978,-23.9831,-178.12799,35.97556,14.5855,5.46914,584.30454,562.44313,572.89769,313.40912000000003,-121.69362333333332,18.67673333333333,573.21512,0.3733762977597,0.32931174454653
1998,IDN,309.69095,352.10932,414.39457,-152.61205,-26.85266,-181.11362,36.28656,15.71611,5.63721,57.38934,140.18459,97.64171,358.7316133333333,-120.19277666666667,19.213293333333336,98.40521333333334,0.321072200430656,0.201888009853683
1999,IDN,318.14851,330.18562,438.54534,-147.64976,-29.80099,-179.04621,36.13426,17.27539,5.46081,69.80015,108.00261,88.10572,362.2931566666666,-118.83231999999998,19.62348666666667,88.63616,0.377704943052811,0.319914802640189
2000,IDN,275.13939,298.18448,414.74683,-147.94779,-37.8871,-181.03291,36.102,18.2407,2.65838,55.1562,46.86522,50.31015,329.3569,-122.28926666666666,19.00036,50.77719,0.358674426034405,0.305918552789207
2001,IDN,255.28966,276.41172,389.60218,-147.50072,-48.09574,-181.11677,34.17385,17.72677,-3.75596,66.71335,76.56677,71.9751,307.10118666666665,-125.57107666666668,16.04822,71.75174,0.398525722392287,0.334710388401655
2002,IDN,237.55795,229.86137,373.17497,-149.78748,-74.18475,-182.72153,34.34475,15.88218,-9.6538,149.59172,171.57668,161.07185,280.1980966666667,-135.56458666666666,13.524376666666663,160.74675000000002,0.38249879695298,0.341576572039261
2003,IDN,236.5055,168.87118,357.7788,-149.34634,-87.43131,-184.45252,33.61908,15.74952,-11.27601,75.63379,61.45543,68.84667,254.38516,-140.41005666666666,12.69753,68.64529666666668,0.415184466130063,0.387874313012979
2004,IDN,238.39257,138.79083,341.31406,-147.81091,-94.13488,-187.95378,32.53963,15.25002,-13.06211,107.37374,85.89573,96.23974,239.4991533333333,-143.29985666666667,11.575846666666669,96.50307,0.414357762910055,0.389522919446158
2005,IDN,238.0559,133.22236,335.70983,-146.79394,-97.60239,-190.47981,31.23556,15.0877,-14.46735,92.56923,70.88377,81.67487,235.66269666666668,-144.95871333333332,10.618636666666664,81.70929,0.414648232302275,0.391482123987425
2006,IDN,226.97945,133.34502,325.14853,-146.0347,-99.49584,-191.75712,29.08938,14.53579,-15.70822,236.1449,218.34458,228.24985,228.491,-145.76255333333333,9.305649999999998,227.57977666666667,0.408137415177356,0.388112260132842
2007,IDN,211.78302,135.19698,318.70638,-146.72329,-100.75452,-193.92906,27.69869,13.68014,-16.77209,60.72218,36.6166,49.57763,221.89546000000004,-147.1356233333333,8.202246666666667,48.97213666666666,0.45072478319071,0.42757026306315
2008,IDN,212.57534,138.17816,314.49359,-146.25635,-101.63795,-194.75946,27.83346,12.5334,-16.74156,61.46773,66.55598,64.47804,221.74903000000003,-147.55125333333334,7.875100000000001,64.16725,0.419498157216025,0.422103572278318
2009,IDN,203.16206,157.73328,312.18891,-146.3846,-102.33306,-199.43358,25.67445,12.71048,-17.81298,159.81057,147.58715,154.87784,224.3614166666667,-149.38374666666667,6.857316666666666,154.09185333333335,0.451825789797775,0.447703466165826
2010,IDN,197.90213,181.79931,318.41276,-145.78247,-102.96678,-201.25903,25.64326,11.53442,-18.15849,61.0776,49.75732,56.3071,232.7047333333333,-150.00276,6.33973,55.71400666666667,0.498622557304839,0.498216677867438
2011,IDN,207.50494,201.76416,321.61268,-142.85636,-103.19644,-201.84466,26.50384,11.45579,-16.13396,97.39903,111.89419,106.13818,243.62726,-149.29915333333335,7.275223333333336,105.1438,0.55305867712567,0.556491849037018
2012,IDN,211.48606,215.09094,331.75953,-140.73447,-96.49089,-205.31187,26.69343,11.87704,-14.2122,97.6413,107.07769,103.53028,252.77884333333336,-147.51241,8.119423333333334,102.74975666666668,0.562767428936308,0.586612731437168
2013,IDN,225.79651,230.50296,342.32114,-139.92804,-93.03283,-207.34559,29.11667,12.02479,-12.32774,86.09813,83.6872,85.04472,266.20687000000004,-146.76882,9.604573333333333,84.94335,0.52699737582679,0.552723796036983
2014,IDN,206.2458,245.1166,342.52144,-138.48058,-90.90946,-208.87297,29.96879,13.4789,-8.66263,164.623,143.57331,157.22641,264.6279466666667,-146.08767,11.595019999999998,155.14090666666667,0.519680997912433,0.543216295567908
2015,IDN,228.2186,258.4592,348.35502,-137.56559,-77.8902,-210.76194,29.9345,13.6018,-9.279,265.04961,253.30968,259.21512,278.3442733333334,-142.07257666666666,11.4191,259.19147,0.567936230111882,0.574856411529158
2016,IDN,219.1448,254.5913,359.97338,-136.39005,-91.08854,-212.29117,29.59803,12.82581,-12.46671,68.29199,54.01027,60.40541,277.90316,-146.58992,9.98571,60.90255666666667,0.562929878055186,0.5724638924097
2017,IDN,215.43357,241.641,351.51223,-135.8736,-97.44909,-211.84927,29.27975,11.7643,-12.91155,66.12291,43.47573,55.91382,269.5289333333333,-148.39065333333335,9.3775,55.17082,0.574688442135126,0.581709256727833
2018,IDN,191.13851,226.41041,337.80318,-139.38319,-100.38849,-213.56387,30.23801,10.61005,-12.84065,82.07393,43.42077,62.84124,251.78403333333333,-151.11185,9.335803333333333,62.77864666666667,0.60713477012912,0.61870178383442
2019,IDN,221.95307,219.99329,344.38239,-133.89759,-101.56891,-216.98755,30.63378,10.32203,-12.57717,156.5357,174.83765,165.57465,262.1095833333333,-150.8180166666667,9.459546666666666,165.64933333333332,0.658977322818764,0.668824561034756
2020,IDN,238.03502,216.40063,372.87029,-129.14156,-101.87621,-217.72419,31.26953,10.21487,-11.86456,67.42704,81.34613,74.34487,275.76864666666665,-149.58065333333332,9.87328,74.37268,0.608364694148782,0.625049622209373
2021,IDN,244.4803,214.76175,379.36031,-124.68284,-101.87621,-216.78114,31.57747,10.21487,-11.02509,67.32839,82.33972,74.72448,279.53412000000003,-147.78006333333337,10.25575,74.79753000000001,0.61598251847318,0.622121400409069
2022,IDN,246.87107,213.76707,381.48061,-120.5812,-101.87621,-217.18997,31.84731,10.21487,-10.44706,66.34614,81.35747,73.74222,280.70625,-146.54912666666667,10.538373333333332,73.81527666666668,0.724134905546245,
